name,userid,email,isAdmin,user_pc_ip
조지민,jjm3699,jjm3699@example.com,0,123.45.234.111
안채원,acw5691,acw5691@demo.net,0,123.45.234.112
박채원,pcw350,pcw350@example.com,0,123.45.234.113
오수빈,osb437,osb437@mail.com,0,123.45.234.114
홍예준,hyj9986,hyj9986@sample.org,0,123.45.234.115
임서연,isy9287,isy9287@mail.com,0,123.45.234.116
윤서연,ysy7047,ysy7047@mail.com,0,123.45.234.117
한현우,hhw9812,hhw9812@demo.net,0,123.45.234.118
황서준,hsj1906,hsj1906@sample.org,0,123.45.234.119
박서준,psj874,psj874@sample.com,0,123.45.234.120
김기태,kkt984,kkt984@sample.com,0,123.45.234.121
안길동,akd563,akd563@sample.com,0,123.45.234.122
박나래,pnr100,pnr100@sample.com,0,123.45.234.123
고길동,ggd432,ggd432@sample.com,0,123.45.234.124
이순신,lss883,lss883@sample.com,0,123.45.234.125
박일,pil212,pil212@sample.com,0,123.45.234.126
김순자,ksj329,ksj329@sample.com,0,123.45.234.127
홍두깨,hdk643,hdk643@sample.com,0,123.45.234.128
김철수,kcs923,kcs923@sample.com,0,123.45.234.129
김영희,kyh719,kyh719@sample.com,0,123.45.234.130
박말자,pmj665,pmj665@sample.com,0,123.45.234.131
